[
  {
    "task_id": "link_001",
    "title": "زيارة رابط للربح",
    "question": "ما هو العنوان الذي ظهر في الموقع؟",
    "choices": ["اربح الآن", "أخبار اليوم", "فرصتك الجديدة"],
    "correct": "اربح الآن",
    "reward": 7
  },
  {
    "task_id": "video_001",
    "title": "مشاهدة فيديو يوتيوب",
    "question": "ما اسم القناة التي شاهدتها؟",
    "choices": ["FayNo", "قناة الربح", "Tech Tube"],
    "correct": "FayNo",
    "reward": 10
  }
]